order_id,distance_km,weather,traffic_level,time_of_day,vehicle_type,preparation_time_min,courier_experience_yrs,delivery_time_min,rating,is_delayed,time_slot,customer_type
522,7.93,Windy,Low,Afternoon,Scooter,12,1.0,43,3,True,Late,Returning
738,16.42,Clear,Medium,Evening,Bike,20,2.0,84,2,True,,Returning
741,9.52,Foggy,Low,Night,Scooter,28,1.0,59,2,True,Late,Returning
661,7.44,Rainy,Medium,Afternoon,Scooter,5,1.0,37,4,False,Normal,New
412,19.03,Clear,Low,Morning,Bike,16,5.0,68,2,True,,Returning
679,19.4,Clear,Low,Evening,Scooter,8,9.0,57,2,True,Late,Returning
514,17.39,Clear,Medium,Evening,Scooter,5,6.0,46,3,True,Late,New
860,1.78,Snowy,Low,Evening,Car,20,6.0,35,4,False,Normal,New
137,10.62,Foggy,Low,Evening,Scooter,29,1.0,73,2,True,,New
812,16.86,Snowy,Medium,Afternoon,Car,13,4.0,88,2,True,,Returning
77,15.54,Clear,Low,Night,Bike,29,1.0,76,2,True,,New
637,10.89,Clear,High,Night,Bike,12,5.0,53,3,True,Late,New
974,4.69,Rainy,Medium,Evening,Scooter,12,7.0,36,4,False,Normal,New
900,2.17,Snowy,Low,Evening,Car,15,3.0,35,4,False,Normal,New
281,17.86,Rainy,Low,Afternoon,Bike,5,1.0,50,3,True,Late,Returning
884,2.53,Snowy,Low,Morning,Bike,6,8.0,24,5,False,Fast,Returning
762,6.58,Foggy,Low,Evening,Car,6,7.0,27,4,False,Normal,Returning
320,5.38,Clear,Medium,Evening,Scooter,26,1.0,47,3,True,Late,New
550,15.56,Rainy,Low,Afternoon,Scooter,28,0.0,72,2,True,,New
175,13.08,Rainy,Low,Morning,Car,16,4.0,58,2,True,Late,Returning
372,0.86,Clear,High,Afternoon,Bike,26,5.0,37,4,False,Normal,New
528,5.83,Clear,High,Evening,Car,27,9.0,56,2,True,Late,Returning
236,14.59,Clear,Medium,Morning,Bike,15,6.0,64,2,True,,Returning
102,12.91,Windy,Medium,Evening,Bike,11,6.0,56,2,True,Late,Returning
987,13.92,Snowy,Low,Morning,Scooter,18,4.0,70,2,True,,New
903,4.04,Snowy,Low,Night,Bike,11,9.0,70,2,True,,Returning
948,18.05,Clear,Medium,Evening,Scooter,10,7.0,123,2,True,,Returning
347,12.88,Clear,Medium,Morning,Scooter,8,5.0,52,3,True,Late,New
140,19.45,Rainy,High,Morning,Scooter,20,6.0,108,2,True,,Returning
622,4.58,Clear,High,Morning,Scooter,22,9.0,45,3,True,Late,New
500,19.73,Foggy,Medium,Evening,Bike,27,4.0,111,2,True,,Returning
371,2.47,Windy,Medium,Morning,Bike,27,2.0,44,3,True,Late,Returning
199,17.8,Snowy,Medium,Morning,Bike,16,9.0,73,2,True,,New
688,5.96,Clear,Medium,Afternoon,Bike,22,7.0,45,3,True,Late,New
585,12.85,Windy,Medium,Afternoon,Scooter,18,7.0,61,2,True,,New
902,1.02,Clear,Medium,Afternoon,Bike,25,4.0,34,4,False,Normal,New
60,6.84,Rainy,Medium,Night,Car,14,8.0,47,3,True,Late,New
329,8.68,Rainy,Medium,Morning,Bike,8,5.0,52,3,True,Late,Returning
97,10.69,Clear,Medium,Night,Bike,25,9.0,67,2,True,,Returning
975,1.11,Clear,Low,Morning,Bike,5,6.0,8,5,False,Fast,Returning
300,2.16,Snowy,Low,Evening,Scooter,15,0.0,36,4,False,Normal,Returning
278,13.17,Windy,Medium,Afternoon,Bike,16,4.0,67,2,True,,New
925,8.79,Snowy,Low,Night,Bike,14,6.0,43,3,True,Late,New
602,5.93,Clear,Low,Afternoon,Scooter,19,3.0,36,4,False,Normal,Returning
440,2.09,Rainy,Low,Night,Bike,23,2.0,36,4,False,Normal,Returning
838,7.57,Clear,Low,Morning,Bike,21,0.0,56,2,True,Late,Returning
571,10.52,Rainy,Medium,Afternoon,Scooter,8,4.0,56,2,True,Late,New
880,4.83,Rainy,Low,Morning,Car,25,9.0,47,3,True,Late,New
262,19.81,Snowy,Medium,Afternoon,Car,20,5.0,104,2,True,,New
579,10.1,Rainy,Low,Evening,Car,8,4.0,50,3,True,Late,Returning
24,7.64,Windy,Low,Afternoon,Car,10,8.0,31,4,False,Normal,New
31,12.35,Clear,Low,Morning,Scooter,10,6.0,35,4,False,Normal,New
618,5.9,Rainy,Low,Evening,Car,26,9.0,44,3,True,Late,New
11,0.9,Clear,Low,Afternoon,Bike,20,8.0,23,5,False,Fast,New
222,11.58,Clear,Medium,Morning,Scooter,16,2.0,61,2,True,,Returning
821,16.16,Clear,High,Afternoon,Bike,11,1.0,82,2,True,,Returning
297,15.51,Clear,Low,Evening,Bike,17,9.0,69,2,True,,Returning
55,12.16,Windy,High,Evening,Scooter,11,0.0,69,2,True,,Returning
543,4.96,Rainy,High,Morning,Bike,21,0.0,60,2,True,Late,New
210,3.64,Windy,High,Evening,Bike,17,6.0,40,4,False,Normal,Returning
605,2.85,Clear,Low,Morning,Scooter,26,0.0,38,4,False,Normal,Returning
693,10.4,Clear,Low,Evening,Bike,16,4.0,52,3,True,Late,New
663,12.31,Windy,Low,Morning,Bike,29,4.0,68,2,True,,New
867,3.53,Clear,Medium,Afternoon,Bike,13,7.0,31,4,False,Normal,New
71,15.56,Clear,Medium,Evening,Bike,14,3.0,54,3,True,Late,New
544,13.6,Clear,Medium,Afternoon,Bike,27,0.0,87,2,True,,New
108,15.23,Snowy,High,Morning,Bike,5,0.0,62,2,True,,Returning
591,3.21,Rainy,High,Night,Scooter,16,0.0,42,3,True,Late,New
742,6.38,Snowy,Low,Evening,Bike,16,1.0,111,2,True,,New
293,16.54,Rainy,Low,Afternoon,Scooter,6,7.0,51,3,True,Late,Returning
290,12.02,Clear,Low,Morning,Car,9,7.0,41,3,True,Late,New
653,11.94,Clear,Low,Evening,Bike,20,3.0,69,2,True,,New
40,9.08,Clear,Low,Afternoon,Scooter,14,5.0,49,3,True,Late,Returning
590,3.46,Snowy,Medium,Morning,Scooter,23,3.0,48,3,True,Late,Returning
308,6.8,Foggy,Medium,Morning,Scooter,13,7.0,46,3,True,Late,Returning
680,17.38,Rainy,Medium,Afternoon,Scooter,11,2.0,92,2,True,,Returning
67,3.25,Clear,Low,Morning,Bike,23,7.0,32,4,False,Normal,Returning
276,10.28,Clear,Medium,Evening,Scooter,29,3.0,71,2,True,,New
68,16.14,Clear,Low,Night,Car,6,9.0,65,2,True,,New
319,3.55,Clear,Medium,Evening,Bike,23,0.0,43,3,True,Late,Returning
999,19.03,Clear,Low,Afternoon,Car,26,5.0,68,2,True,,New
715,7.3,Clear,Low,Night,Scooter,14,7.0,28,4,False,Normal,New
754,7.03,Clear,Low,Evening,Scooter,21,1.0,44,3,True,Late,Returning
328,12.43,Snowy,Low,Afternoon,Car,12,0.0,70,2,True,,New
452,11.39,Rainy,High,Evening,Scooter,14,1.0,72,2,True,,Returning
523,19.41,Clear,Low,Morning,Car,7,3.0,48,3,True,Late,Returning
219,13.17,Rainy,High,Evening,Scooter,17,8.0,69,2,True,,Returning
788,8.32,Rainy,Low,Afternoon,Car,12,2.0,49,3,True,Late,Returning
765,1.15,Clear,Low,Afternoon,Scooter,26,4.0,30,4,False,Normal,New
89,17.8,Windy,High,Afternoon,Car,12,9.0,73,2,True,,New
64,7.46,Clear,Medium,Evening,Bike,8,5.0,42,3,True,Late,Returning
827,7.25,Clear,Medium,Afternoon,Scooter,18,4.0,45,3,True,Late,Returning
717,16.7,Clear,Medium,Afternoon,Scooter,28,1.0,76,2,True,,New
352,17.2,Rainy,High,Afternoon,Scooter,14,2.0,94,2,True,,New
937,0.86,Clear,Medium,Afternoon,Car,21,7.0,28,4,False,Normal,Returning
257,18.76,Clear,Medium,Evening,Car,15,2.0,80,2,True,,Returning
636,9.22,Clear,Medium,Afternoon,Car,18,9.0,57,2,True,Late,New
645,2.84,Clear,Low,Evening,Scooter,24,2.0,35,4,False,Normal,New
555,17.59,Clear,Low,Morning,Bike,24,6.0,69,2,True,,Returning
960,14.89,Snowy,High,Morning,Scooter,17,6.0,87,2,True,,New
169,1.3,Clear,Medium,Evening,Bike,22,4.0,31,4,False,Normal,New
918,18.99,Rainy,High,Afternoon,Bike,10,6.0,70,2,True,,Returning
824,8.26,Snowy,Low,Afternoon,Bike,15,1.0,57,2,True,Late,New
986,10.16,Clear,High,Night,Bike,12,5.0,52,3,True,Late,New
87,14.73,Rainy,Low,Afternoon,Bike,24,6.0,74,2,True,,New
433,12.56,Clear,High,Evening,Bike,17,5.0,69,2,True,,New
185,5.53,Clear,Medium,Afternoon,Bike,19,1.0,44,3,True,Late,Returning
979,10.18,Foggy,Medium,Morning,Bike,25,3.0,73,2,True,,New
535,15.5,Clear,Medium,Morning,Scooter,28,9.0,91,2,True,,New
893,16.69,Foggy,Medium,Evening,Scooter,8,2.0,65,2,True,,Returning
426,11.22,Windy,High,Evening,Bike,25,5.0,79,2,True,,Returning
714,8.53,Clear,Low,Evening,Scooter,8,2.0,41,3,True,Late,New
261,12.49,Clear,Medium,Morning,Bike,25,4.0,77,2,True,,New
238,0.97,Clear,Low,Night,Scooter,24,8.0,26,4,False,Normal,Returning
560,12.6,Windy,Medium,Afternoon,Car,8,6.0,58,2,True,Late,Returning
584,6.91,Clear,Medium,Evening,Scooter,28,9.0,56,2,True,Late,Returning
446,18.97,Clear,Low,Evening,Car,25,4.0,141,2,True,,Returning
801,14.29,Windy,Medium,Morning,Bike,14,7.0,78,2,True,,Returning
600,1.3,Foggy,Low,Evening,Bike,19,5.0,29,4,False,Normal,Returning
850,12.11,Rainy,Low,Morning,Bike,9,5.0,59,2,True,Late,Returning
266,14.94,Clear,Medium,Morning,Bike,11,0.0,62,2,True,,New
996,2.29,Rainy,High,Afternoon,Car,8,8.0,80,2,True,,Returning
530,17.36,Rainy,High,Afternoon,Bike,24,1.0,105,2,True,,Returning
56,18.48,Clear,Medium,Night,Bike,8,0.0,82,2,True,,New
121,16.25,Foggy,High,Morning,Bike,10,5.0,91,2,True,,New
216,5.13,Clear,Low,Morning,Car,15,4.0,30,4,False,Normal,Returning
73,0.61,Clear,Low,Afternoon,Scooter,10,0.0,16,5,False,Fast,Returning
45,5.55,Foggy,High,Evening,Bike,18,1.0,116,2,True,,New
722,4.03,Clear,Medium,Evening,Bike,9,5.0,25,5,False,Fast,Returning
282,7.09,Snowy,Low,Morning,Scooter,13,8.0,37,4,False,Normal,New
894,8.25,Clear,Medium,Afternoon,Bike,7,9.0,28,4,False,Normal,New
915,11.26,Clear,Low,Night,Bike,5,6.0,49,3,True,Late,New
811,19.7,Rainy,Low,Evening,Bike,10,2.0,60,2,True,Late,Returning
245,0.8,Snowy,High,Evening,Bike,14,9.0,36,4,False,Normal,Returning
823,7.0,Rainy,Medium,Evening,Bike,17,9.0,49,3,True,Late,Returning
322,14.43,Clear,Medium,Morning,Car,14,4.0,113,2,True,,Returning
644,6.89,Rainy,Medium,Afternoon,Bike,11,6.0,43,3,True,Late,New
159,5.13,Foggy,Medium,Evening,Car,25,1.0,60,2,True,Late,Returning
978,1.5,Clear,Low,Afternoon,Bike,10,1.0,17,5,False,Fast,New
942,11.31,Clear,Medium,Evening,Bike,7,0.0,54,3,True,Late,New
463,15.05,Clear,Medium,Evening,Car,12,2.0,66,2,True,,Returning
310,5.78,Foggy,Low,Afternoon,Scooter,9,9.0,33,4,False,Normal,Returning
698,11.83,Clear,Low,Evening,Scooter,9,7.0,32,4,False,Normal,New
61,8.08,Foggy,Low,Morning,Bike,25,2.0,61,2,True,,New
885,16.1,Clear,Low,Evening,Bike,25,0.0,64,2,True,,New
596,9.74,Rainy,Medium,Evening,Scooter,7,8.0,37,4,False,Normal,New
768,17.6,Clear,Low,Afternoon,Bike,27,3.0,69,2,True,,Returning
650,10.22,Snowy,Medium,Night,Bike,18,1.0,68,2,True,,New
651,2.19,Clear,Low,Evening,Bike,26,3.0,32,4,False,Normal,New
866,11.41,Windy,Medium,Afternoon,Scooter,17,4.0,68,2,True,,New
669,4.14,Clear,Medium,Morning,Scooter,14,2.0,30,4,False,Normal,Returning
299,12.65,Rainy,Low,Afternoon,Bike,18,8.0,60,2,True,Late,New
311,9.06,Clear,Medium,Evening,Bike,23,4.0,47,3,True,Late,Returning
362,13.04,Clear,Medium,Morning,Scooter,20,6.0,65,2,True,,Returning
480,10.7,Clear,Medium,Afternoon,Scooter,8,5.0,44,3,True,Late,Returning
111,6.15,Foggy,Low,Evening,Scooter,26,5.0,48,3,True,Late,New
990,16.47,Snowy,High,Evening,Scooter,20,9.0,75,2,True,,Returning
487,1.39,Clear,Medium,Afternoon,Bike,15,4.0,24,5,False,Fast,Returning
364,11.14,Rainy,Medium,Morning,Scooter,7,3.0,47,3,True,Late,New
255,3.81,Rainy,High,Afternoon,Bike,5,6.0,31,4,False,Normal,New
260,2.39,Rainy,Medium,Evening,Bike,27,7.0,43,3,True,Late,Returning
803,11.74,Clear,High,Evening,Car,6,3.0,54,3,True,Late,Returning
495,9.54,Rainy,Medium,Evening,Scooter,11,5.0,47,3,True,Late,Returning
671,3.88,Clear,Medium,Morning,Bike,16,2.0,35,4,False,Normal,New
378,0.95,Rainy,Medium,Morning,Car,27,0.0,44,3,True,Late,New
527,8.59,Clear,Low,Night,Scooter,17,8.0,36,4,False,Normal,Returning
846,8.59,Clear,Low,Evening,Bike,22,2.0,43,3,True,Late,Returning
356,13.03,Foggy,Low,Morning,Scooter,9,1.0,50,3,True,Late,Returning
366,8.03,Clear,Low,Evening,Scooter,14,8.0,42,3,True,Late,New
943,13.2,Snowy,Low,Morning,Car,14,3.0,62,2,True,,Returning
750,12.67,Clear,Medium,Evening,Car,10,3.0,65,2,True,,New
830,9.32,Clear,Low,Morning,Scooter,6,5.0,30,4,False,Normal,New
657,6.03,Rainy,High,Afternoon,Car,8,6.0,46,3,True,Late,Returning
200,15.71,Clear,Low,Afternoon,Scooter,28,5.0,69,2,True,,Returning
214,4.87,Snowy,High,Evening,Bike,16,7.0,54,3,True,Late,Returning
409,18.15,Rainy,High,Morning,Bike,22,7.0,108,2,True,,Returning
333,0.78,Clear,Medium,Morning,Bike,6,1.0,17,5,False,Fast,New
209,0.6,Clear,Low,Afternoon,Bike,26,3.0,30,4,False,Normal,New
614,2.09,Clear,Medium,Evening,Bike,5,5.0,16,5,False,Fast,New
30,1.41,Foggy,Medium,Evening,Bike,15,0.0,72,2,True,,New
536,18.92,Clear,High,Morning,Scooter,27,4.0,100,2,True,,Returning
696,12.41,Clear,Medium,Morning,Car,10,1.0,51,3,True,Late,New
837,18.34,Clear,High,Night,Bike,9,4.0,92,2,True,,New
597,13.52,Clear,Low,Morning,Scooter,27,1.0,82,2,True,,Returning
166,16.79,Foggy,High,Afternoon,Bike,24,6.0,85,2,True,,New
919,15.39,Clear,Medium,Evening,Scooter,24,5.0,89,2,True,,New
496,7.39,Rainy,Medium,Morning,Scooter,25,6.0,60,2,True,Late,New
825,10.98,Rainy,Low,Morning,Scooter,10,6.0,55,3,True,Late,Returning
66,11.08,Snowy,Medium,Morning,Bike,9,0.0,57,2,True,Late,Returning
142,5.41,Clear,Medium,Night,Bike,14,5.0,36,4,False,Normal,Returning
926,0.94,Clear,High,Morning,Bike,9,6.0,21,5,False,Fast,New
828,7.27,Windy,Low,Afternoon,Bike,10,5.0,35,4,False,Normal,Returning
656,2.99,Windy,Medium,Morning,Bike,27,5.0,41,3,True,Late,New
332,15.28,Snowy,Low,Evening,Bike,16,5.0,72,2,True,,Returning
665,2.48,Windy,Medium,Afternoon,Car,14,6.0,27,4,False,Normal,New
250,17.13,Rainy,Low,Evening,Car,19,1.0,71,2,True,,New
908,7.17,Clear,Low,Afternoon,Bike,15,7.0,32,4,False,Normal,New
709,5.47,Rainy,Low,Morning,Car,21,6.0,38,4,False,Normal,New
306,19.53,Foggy,Low,Afternoon,Bike,11,6.0,87,2,True,,New
735,7.5,Clear,High,Morning,Bike,29,1.0,66,2,True,,Returning
976,5.61,Windy,Low,Night,Bike,25,9.0,48,3,True,Late,Returning
50,4.1,Clear,Low,Morning,Bike,21,3.0,37,4,False,Normal,New
897,6.22,Rainy,Medium,Morning,Bike,15,0.0,49,3,True,Late,Returning
545,12.55,Windy,Low,Evening,Bike,13,8.0,51,3,True,Late,New
351,10.31,Foggy,Medium,Morning,Scooter,19,5.0,62,2,True,,New
905,8.72,Snowy,Medium,Evening,Car,18,7.0,64,2,True,,New
537,17.07,Clear,Medium,Morning,Bike,20,6.0,73,2,True,,New
482,14.07,Clear,High,Afternoon,Bike,5,8.0,67,2,True,,Returning
576,19.02,Clear,Medium,Afternoon,Bike,29,9.0,87,2,True,,Returning
34,19.0,Clear,High,Morning,Car,28,3.0,96,2,True,,New
32,3.83,Rainy,Medium,Afternoon,Bike,12,9.0,30,4,False,Normal,Returning
232,10.3,Clear,Low,Evening,Scooter,19,8.0,48,3,True,Late,New
964,8.09,Clear,High,Afternoon,Scooter,15,4.0,51,3,True,Late,New
193,18.06,Clear,Medium,Night,Bike,9,8.0,52,3,True,Late,New
334,2.76,Windy,Medium,Morning,Scooter,8,5.0,22,5,False,Fast,New
4,12.17,Snowy,Low,Evening,Bike,20,8.0,68,2,True,,Returning
205,12.33,Clear,Medium,Evening,Bike,22,9.0,75,2,True,,New
515,1.38,Clear,Medium,Evening,Scooter,5,8.0,13,5,False,Fast,Returning
800,18.49,Clear,Low,Afternoon,Scooter,14,6.0,71,2,True,,Returning
307,10.57,Snowy,Low,Afternoon,Bike,28,9.0,59,2,True,Late,New
110,2.0,Clear,High,Evening,Scooter,10,2.0,30,4,False,Normal,Returning
431,3.29,Clear,Medium,Afternoon,Scooter,17,4.0,32,4,False,Normal,New
78,1.94,Rainy,Medium,Morning,Bike,16,0.0,35,4,False,Normal,Returning
287,9.58,Clear,High,Afternoon,Car,26,8.0,60,2,True,Late,Returning
83,6.95,Clear,Medium,Morning,Scooter,25,2.0,58,2,True,Late,New
992,14.05,Clear,High,Morning,Scooter,19,0.0,72,2,True,,New
790,18.97,Rainy,High,Night,Bike,20,8.0,108,2,True,,New
895,13.53,Rainy,Low,Evening,Bike,28,8.0,78,2,True,,New
399,15.14,Rainy,Medium,Morning,Bike,8,6.0,66,2,True,,Returning
324,5.96,Clear,Low,Afternoon,Bike,26,6.0,48,3,True,Late,Returning
520,3.43,Windy,Medium,Morning,Bike,7,6.0,23,5,False,Fast,New
923,17.94,Rainy,High,Evening,Scooter,22,6.0,85,2,True,,New
6,3.54,Rainy,Medium,Evening,Bike,10,5.0,32,4,False,Normal,New
466,7.81,Clear,Low,Evening,Bike,11,4.0,42,3,True,Late,Returning
267,14.09,Clear,Medium,Afternoon,Scooter,12,3.0,55,3,True,Late,New
358,11.92,Clear,Low,Afternoon,Scooter,14,4.0,46,3,True,Late,Returning
869,17.3,Clear,Low,Evening,Scooter,9,0.0,67,2,True,,New
799,14.08,Clear,High,Morning,Bike,28,6.0,66,2,True,,New
381,2.8,Clear,High,Afternoon,Bike,28,1.0,50,3,True,Late,Returning
382,14.09,Clear,High,Afternoon,Bike,12,6.0,67,2,True,,Returning
491,9.39,Clear,Low,Morning,Bike,14,2.0,37,4,False,Normal,New
901,4.55,Rainy,Low,Afternoon,Bike,5,6.0,21,5,False,Fast,Returning
251,6.24,Snowy,Low,Afternoon,Bike,20,4.0,51,3,True,Late,New
524,16.92,Clear,Low,Morning,Scooter,29,0.0,70,2,True,,New
10,14.31,Clear,Medium,Morning,Bike,9,8.0,47,3,True,Late,New
604,2.23,Clear,Low,Morning,Bike,7,6.0,14,5,False,Fast,Returning
82,12.65,Clear,Low,Evening,Bike,15,4.0,66,2,True,,New
784,7.24,Rainy,Medium,Evening,Bike,28,6.0,65,2,True,,New
588,3.01,Clear,Medium,Evening,Bike,14,4.0,26,4,False,Normal,New
240,3.95,Clear,Low,Afternoon,Bike,13,5.0,25,5,False,Fast,New
291,1.09,Clear,Medium,Morning,Scooter,6,2.0,17,5,False,Fast,New
212,13.99,Clear,High,Evening,Scooter,7,3.0,96,2,True,,Returning
718,19.32,Rainy,High,Morning,Car,21,7.0,112,2,True,,Returning
360,11.72,Rainy,Low,Evening,Bike,11,9.0,42,3,True,Late,Returning
450,2.13,Rainy,Low,Morning,Scooter,9,2.0,22,5,False,Fast,Returning
228,8.17,Clear,Medium,Afternoon,Scooter,20,9.0,44,3,True,Late,New
951,12.21,Clear,High,Morning,Bike,9,4.0,57,2,True,Late,Returning
947,3.17,Clear,Medium,Evening,Scooter,17,6.0,33,4,False,Normal,New
797,18.68,Snowy,Low,Afternoon,Bike,11,8.0,62,2,True,,New
502,10.95,Clear,Medium,Evening,Scooter,24,4.0,55,3,True,Late,Returning
465,19.26,Windy,Medium,Morning,Scooter,21,6.0,67,2,True,,Returning
469,4.86,Foggy,Medium,Evening,Car,25,4.0,52,3,True,Late,New
936,5.81,Foggy,Low,Afternoon,Bike,25,8.0,51,3,True,Late,Returning
429,7.34,Rainy,Low,Evening,Bike,22,8.0,47,3,True,Late,New
8,17.39,Foggy,Medium,Morning,Bike,25,4.0,100,2,True,,Returning
156,5.22,Snowy,Low,Evening,Bike,11,9.0,40,4,False,Normal,New
542,12.32,Clear,Medium,Evening,Scooter,17,4.0,71,2,True,,Returning
441,2.15,Windy,Medium,Afternoon,Car,17,6.0,30,4,False,Normal,New
483,9.36,Rainy,High,Morning,Scooter,17,2.0,65,2,True,,Returning
423,2.28,Clear,Medium,Evening,Scooter,27,9.0,39,4,False,Normal,New
779,14.54,Clear,Medium,Evening,Bike,29,2.0,73,2,True,,Returning
950,12.15,Clear,High,Morning,Car,12,6.0,63,2,True,,Returning
335,1.4,Windy,Low,Evening,Bike,9,9.0,17,5,False,Fast,Returning
935,3.85,Rainy,Medium,Afternoon,Bike,26,3.0,46,3,True,Late,Returning
595,17.99,Snowy,Low,Afternoon,Bike,15,3.0,63,2,True,,New
531,16.35,Clear,Medium,Morning,Bike,16,0.0,66,2,True,,New
582,19.61,Clear,High,Evening,Bike,8,6.0,72,2,True,,Returning
708,16.29,Clear,Low,Morning,Bike,20,1.0,72,2,True,,New
449,7.84,Windy,Low,Afternoon,Bike,6,4.0,28,4,False,Normal,New
454,18.17,Rainy,Low,Afternoon,Car,13,0.0,71,2,True,,New
353,13.34,Clear,Medium,Night,Bike,20,6.0,53,3,True,Late,Returning
729,4.43,Foggy,Low,Morning,Scooter,10,1.0,63,2,True,,Returning
80,2.76,Windy,Medium,Night,Bike,6,2.0,27,4,False,Normal,Returning
149,1.5,Foggy,Medium,Evening,Scooter,15,4.0,32,4,False,Normal,Returning
303,11.04,Clear,Medium,Afternoon,Scooter,8,2.0,54,3,True,Late,Returning
507,18.26,Rainy,High,Night,Scooter,28,7.0,93,2,True,,Returning
343,3.88,Foggy,Low,Evening,Car,27,9.0,42,3,True,Late,Returning
486,18.07,Clear,High,Afternoon,Scooter,5,2.0,67,2,True,,New
712,12.11,Clear,Medium,Evening,Bike,28,0.0,75,2,True,,Returning
134,7.08,Clear,Medium,Afternoon,Scooter,5,8.0,27,4,False,Normal,Returning
704,3.12,Rainy,Low,Evening,Scooter,14,5.0,28,4,False,Normal,Returning
312,2.03,Foggy,High,Evening,Car,14,4.0,36,4,False,Normal,New
630,5.42,Clear,Low,Evening,Scooter,11,9.0,26,4,False,Normal,Returning
1,7.8,Clear,Low,Evening,Scooter,23,5.0,52,3,True,Late,New
317,8.47,Rainy,Low,Afternoon,Scooter,19,0.0,48,3,True,Late,Returning
707,6.79,Rainy,Low,Evening,Scooter,16,1.0,39,4,False,Normal,Returning
548,13.6,Rainy,Medium,Afternoon,Scooter,23,6.0,83,2,True,,New
873,13.06,Rainy,High,Morning,Bike,17,8.0,59,2,True,Late,New
533,19.93,Snowy,Low,Afternoon,Bike,6,6.0,59,2,True,Late,Returning
478,11.3,Snowy,Medium,Afternoon,Bike,15,8.0,70,2,True,,New
405,6.74,Rainy,Medium,Evening,Car,21,9.0,47,3,True,Late,Returning
173,10.49,Rainy,Low,Morning,Bike,28,9.0,66,2,True,,New
395,7.15,Clear,High,Night,Car,29,7.0,60,2,True,Late,New
421,15.94,Clear,Low,Evening,Bike,24,2.0,77,2,True,,New
553,11.26,Foggy,High,Afternoon,Bike,14,2.0,70,2,True,,Returning
904,11.87,Clear,Medium,Morning,Bike,10,6.0,43,3,True,Late,Returning
91,2.83,Windy,Medium,Afternoon,Scooter,14,6.0,28,4,False,Normal,New
940,11.74,Clear,Low,Afternoon,Car,20,1.0,52,3,True,Late,Returning
182,2.71,Clear,Low,Morning,Scooter,6,1.0,20,5,False,Fast,New
275,10.47,Clear,High,Evening,Scooter,14,7.0,55,3,True,Late,New
896,4.5,Snowy,High,Evening,Bike,24,0.0,66,2,True,,Returning
292,1.23,Clear,Low,Evening,Bike,18,6.0,21,5,False,Fast,New
132,4.83,Clear,Low,Evening,Bike,11,1.0,29,4,False,Normal,Returning
301,1.51,Clear,High,Afternoon,Bike,14,2.0,32,4,False,Normal,Returning
425,1.62,Windy,Low,Evening,Bike,9,8.0,16,5,False,Fast,Returning
327,11.31,Clear,High,Evening,Bike,20,0.0,67,2,True,,Returning
145,6.05,Clear,Medium,Morning,Car,24,0.0,48,3,True,Late,New
424,10.14,Clear,Medium,Morning,Scooter,20,1.0,59,2,True,Late,New
581,9.45,Clear,Low,Afternoon,Car,13,0.0,49,3,True,Late,Returning
136,6.8,Clear,High,Evening,Bike,28,5.0,55,3,True,Late,New
451,15.65,Clear,Low,Afternoon,Bike,27,0.0,76,2,True,,Returning
165,2.26,Clear,Medium,Morning,Scooter,6,3.0,19,5,False,Fast,New
29,12.05,Clear,Low,Evening,Scooter,29,4.0,61,2,True,,Returning
774,8.25,Windy,Medium,Evening,Car,24,4.0,62,2,True,,Returning
194,12.85,Rainy,Medium,Afternoon,Scooter,23,0.0,80,2,True,,Returning
389,15.14,Windy,Medium,Morning,Bike,15,4.0,71,2,True,,New
853,4.59,Foggy,Low,Evening,Scooter,19,8.0,36,4,False,Normal,Returning
170,12.02,Clear,Low,Afternoon,Bike,26,0.0,63,2,True,,Returning
706,19.8,Clear,High,Evening,Bike,7,3.0,88,2,True,,New
141,19.27,Foggy,High,Afternoon,Bike,14,6.0,92,2,True,,Returning
174,4.92,Clear,High,Morning,Scooter,12,0.0,41,3,True,Late,Returning
7,1.63,Rainy,Medium,Night,Bike,24,5.0,38,4,False,Normal,Returning
746,18.04,Clear,Medium,Morning,Bike,8,5.0,71,2,True,,New
74,16.4,Clear,High,Morning,Scooter,12,2.0,70,2,True,,New
911,12.01,Clear,Low,Morning,Car,5,7.0,42,3,True,Late,Returning
146,1.22,Foggy,High,Afternoon,Scooter,14,2.0,38,4,False,Normal,Returning
793,10.36,Rainy,Medium,Afternoon,Bike,7,8.0,39,4,False,Normal,Returning
235,4.31,Rainy,Medium,Afternoon,Bike,9,2.0,35,4,False,Normal,New
221,13.32,Windy,Medium,Afternoon,Bike,26,0.0,71,2,True,,New
924,16.1,Clear,Low,Morning,Car,16,6.0,61,2,True,,New
501,14.11,Rainy,High,Morning,Scooter,24,3.0,93,2,True,,Returning
133,2.84,Clear,Medium,Night,Scooter,28,1.0,44,3,True,Late,Returning
991,16.09,Snowy,Low,Morning,Car,13,6.0,69,2,True,,Returning
775,16.05,Snowy,Medium,Evening,Bike,11,2.0,89,2,True,,Returning
186,13.37,Windy,High,Afternoon,Scooter,17,8.0,63,2,True,,Returning
42,10.16,Snowy,Medium,Night,Bike,10,1.0,67,2,True,,New
697,6.13,Clear,Medium,Night,Scooter,22,0.0,48,3,True,Late,New
109,4.96,Rainy,Low,Afternoon,Car,10,7.0,28,4,False,Normal,New
589,3.0,Clear,Low,Morning,Scooter,29,1.0,43,3,True,Late,Returning
57,2.23,Snowy,Medium,Evening,Car,14,0.0,41,3,True,Late,New
443,7.8,Rainy,Medium,Morning,Bike,11,7.0,49,3,True,Late,New
758,10.9,Clear,High,Afternoon,Scooter,6,8.0,47,3,True,Late,New
998,3.17,Clear,Low,Afternoon,Bike,17,1.0,28,4,False,Normal,Returning
25,9.39,Windy,Medium,Morning,Scooter,21,9.0,50,3,True,Late,Returning
468,17.44,Clear,Low,Evening,Bike,25,9.0,89,2,True,,New
540,3.02,Rainy,Medium,Morning,Bike,23,1.0,46,3,True,Late,New
532,19.99,Rainy,High,Evening,Bike,17,1.0,112,2,True,,New
619,16.22,Rainy,High,Evening,Bike,22,0.0,102,2,True,,Returning
695,2.74,Clear,High,Afternoon,Bike,18,9.0,37,4,False,Normal,Returning
927,5.74,Rainy,High,Evening,Bike,13,9.0,46,3,True,Late,Returning
339,9.75,Clear,Low,Afternoon,Bike,22,7.0,50,3,True,Late,Returning
52,15.62,Rainy,Medium,Afternoon,Scooter,23,7.0,78,2,True,,New
508,16.54,Rainy,Medium,Afternoon,Bike,25,7.0,77,2,True,,New
517,7.84,Rainy,Low,Morning,Scooter,7,8.0,36,4,False,Normal,Returning
782,11.08,Windy,High,Afternoon,Bike,16,6.0,70,2,True,,New
265,17.61,Clear,Medium,Evening,Scooter,21,9.0,79,2,True,,Returning
818,8.28,Snowy,Low,Evening,Car,29,7.0,58,2,True,Late,New
711,15.32,Clear,Medium,Morning,Bike,17,6.0,80,2,True,,Returning
683,3.83,Rainy,Low,Evening,Car,27,3.0,49,3,True,Late,New
519,19.75,Clear,Medium,Morning,Bike,25,1.0,103,2,True,,New
448,15.19,Foggy,Low,Evening,Scooter,6,4.0,53,3,True,Late,New
716,18.63,Windy,Low,Afternoon,Bike,11,5.0,85,2,True,,New
484,12.74,Clear,Low,Night,Scooter,18,0.0,67,2,True,,Returning
569,18.13,Rainy,High,Evening,Bike,21,2.0,88,2,True,,New
434,2.47,Rainy,Low,Afternoon,Car,22,6.0,34,4,False,Normal,New
368,18.15,Windy,Medium,Morning,Bike,11,2.0,89,2,True,,New
84,1.74,Foggy,High,Afternoon,Scooter,8,9.0,28,4,False,Normal,New
62,5.79,Windy,Medium,Morning,Bike,26,6.0,49,3,True,Late,New
639,5.75,Windy,High,Morning,Scooter,7,4.0,37,4,False,Normal,New
273,17.41,Snowy,Medium,Evening,Bike,20,4.0,80,2,True,,New
286,1.2,Rainy,Low,Morning,Scooter,24,7.0,33,4,False,Normal,Returning
361,8.07,Windy,Low,Evening,Bike,21,4.0,48,3,True,Late,New
355,1.88,Clear,Medium,Morning,Scooter,24,7.0,35,4,False,Normal,Returning
457,0.72,Rainy,Medium,Afternoon,Scooter,9,2.0,23,5,False,Fast,Returning
279,14.19,Clear,Medium,Afternoon,Bike,9,1.0,57,2,True,Late,New
13,16.73,Windy,High,Afternoon,Scooter,9,7.0,71,2,True,,Returning
183,18.53,Rainy,Low,Afternoon,Scooter,8,8.0,57,2,True,Late,Returning
369,4.32,Clear,Low,Morning,Bike,21,9.0,34,4,False,Normal,New
882,13.6,Foggy,High,Evening,Bike,9,7.0,61,2,True,,New
616,18.46,Rainy,Low,Morning,Bike,19,9.0,94,2,True,,New
224,7.67,Windy,Low,Morning,Car,9,2.0,31,4,False,Normal,New
573,8.23,Snowy,Low,Evening,Bike,17,3.0,56,2,True,Late,New
971,13.44,Clear,Low,Night,Bike,29,0.0,63,2,True,,Returning
654,15.04,Clear,Low,Morning,Car,24,5.0,60,2,True,Late,New
546,7.48,Clear,Medium,Morning,Car,21,4.0,52,3,True,Late,Returning
634,10.88,Snowy,Low,Afternoon,Car,13,3.0,52,3,True,Late,New
177,13.97,Snowy,Low,Evening,Scooter,14,8.0,52,3,True,Late,Returning
666,3.48,Foggy,Low,Afternoon,Scooter,9,1.0,31,4,False,Normal,Returning
674,10.73,Foggy,Low,Morning,Bike,6,6.0,35,4,False,Normal,Returning
586,5.18,Clear,Medium,Afternoon,Car,9,2.0,30,4,False,Normal,Returning
874,8.47,Foggy,Medium,Evening,Bike,24,0.0,68,2,True,,New
249,19.29,Windy,Medium,Evening,Scooter,7,8.0,84,2,True,,Returning
886,3.98,Clear,High,Night,Car,19,3.0,41,3,True,Late,New
670,6.06,Foggy,Low,Afternoon,Scooter,10,8.0,41,3,True,Late,New
376,6.72,Foggy,Low,Evening,Bike,8,5.0,31,4,False,Normal,New
413,19.04,Clear,Medium,Morning,Scooter,27,2.0,85,2,True,,New
75,14.28,Windy,High,Afternoon,Scooter,23,5.0,77,2,True,,New
114,16.26,Rainy,High,Morning,Bike,16,6.0,70,2,True,,New
599,4.25,Clear,Low,Afternoon,Bike,5,4.0,22,5,False,Fast,New
962,12.26,Clear,Low,Afternoon,Bike,20,2.0,66,2,True,,Returning
391,19.81,Clear,Low,Afternoon,Bike,27,1.0,74,2,True,,New
105,18.2,Windy,Medium,Morning,Bike,27,1.0,108,2,True,,New
115,12.85,Rainy,Medium,Morning,Scooter,14,8.0,73,2,True,,New
418,6.91,Clear,Low,Evening,Bike,27,8.0,91,2,True,,Returning
526,9.64,Clear,Low,Morning,Bike,10,5.0,46,3,True,Late,Returning
458,9.64,Rainy,Medium,Evening,Bike,14,6.0,52,3,True,Late,New
410,2.28,Foggy,Medium,Morning,Scooter,27,6.0,44,3,True,Late,New
93,15.34,Rainy,Low,Afternoon,Bike,18,6.0,54,3,True,Late,New
931,3.22,Rainy,Medium,Night,Bike,14,8.0,34,4,False,Normal,Returning
90,9.71,Clear,Low,Morning,Bike,8,1.0,49,3,True,Late,Returning
337,17.18,Clear,Medium,Night,Scooter,13,1.0,62,2,True,,New
989,5.3,Clear,Medium,Afternoon,Scooter,29,3.0,47,3,True,Late,New
922,10.0,Clear,Medium,Afternoon,Scooter,6,9.0,47,3,True,Late,Returning
934,10.75,Rainy,Medium,Morning,Bike,8,6.0,60,2,True,Late,New
606,9.49,Rainy,Medium,Morning,Car,23,6.0,53,3,True,Late,Returning
594,7.24,Clear,Medium,Afternoon,Bike,28,7.0,57,2,True,Late,New
612,16.09,Rainy,Low,Morning,Bike,21,8.0,66,2,True,,Returning
95,15.53,Clear,Low,Morning,Bike,26,6.0,83,2,True,,New
12,19.41,Windy,Low,Morning,Bike,11,8.0,62,2,True,,New
397,17.24,Clear,Low,Evening,Bike,17,5.0,69,2,True,,New
44,18.23,Rainy,Low,Afternoon,Scooter,27,9.0,86,2,True,,Returning
43,1.17,Clear,Medium,Morning,Bike,16,9.0,25,5,False,Fast,New
330,5.33,Clear,Low,Evening,Car,29,1.0,51,3,True,Late,New
168,4.14,Rainy,Low,Morning,Bike,23,2.0,41,3,True,Late,Returning
498,2.02,Clear,High,Evening,Bike,28,5.0,44,3,True,Late,Returning
877,14.46,Rainy,Medium,Morning,Scooter,11,9.0,68,2,True,,New
598,3.86,Clear,Medium,Afternoon,Bike,21,8.0,34,4,False,Normal,Returning
757,12.59,Windy,Medium,Morning,Bike,13,9.0,62,2,True,,Returning
101,1.11,Clear,High,Morning,Scooter,22,8.0,35,4,False,Normal,Returning
427,9.11,Clear,Low,Afternoon,Bike,19,6.0,42,3,True,Late,Returning
179,18.77,Snowy,Medium,Evening,Bike,24,0.0,115,2,True,,New
445,16.35,Foggy,Medium,Night,Bike,16,6.0,67,2,True,,Returning
417,6.22,Clear,Low,Afternoon,Bike,16,9.0,29,4,False,Normal,Returning
871,7.78,Foggy,High,Afternoon,Bike,25,3.0,74,2,True,,Returning
883,0.88,Rainy,Low,Night,Car,27,2.0,37,4,False,Normal,Returning
681,16.43,Clear,Low,Evening,Bike,13,5.0,56,2,True,Late,Returning
178,8.04,Clear,Medium,Evening,Car,27,0.0,65,2,True,,Returning
396,18.65,Foggy,Low,Night,Car,19,2.0,68,2,True,,New
912,5.73,Foggy,Low,Morning,Scooter,7,2.0,30,4,False,Normal,Returning
794,12.42,Rainy,Low,Evening,Bike,28,9.0,79,2,True,,Returning
961,2.11,Clear,Low,Afternoon,Scooter,28,5.0,34,4,False,Normal,Returning
685,18.62,Clear,Low,Evening,Scooter,27,6.0,75,2,True,,New
384,17.61,Clear,Medium,Morning,Scooter,19,3.0,80,2,True,,Returning
957,10.62,Rainy,Medium,Night,Bike,7,2.0,48,3,True,Late,New
258,14.07,Clear,Medium,Morning,Bike,16,9.0,73,2,True,,Returning
539,9.29,Clear,Medium,Evening,Bike,10,9.0,40,4,False,Normal,New
336,1.29,Rainy,Low,Evening,Bike,7,7.0,15,5,False,Fast,Returning
16,4.08,Windy,Medium,Afternoon,Bike,7,0.0,33,4,False,Normal,New
325,19.12,Windy,High,Evening,Car,8,0.0,92,2,True,,New
759,17.93,Clear,Medium,Afternoon,Bike,29,4.0,85,2,True,,New
180,3.18,Rainy,Medium,Evening,Bike,21,3.0,42,3,True,Late,Returning
984,1.97,Clear,High,Morning,Car,28,7.0,43,3,True,Late,Returning
23,6.2,Windy,High,Evening,Scooter,7,3.0,42,3,True,Late,New
357,1.02,Windy,High,Evening,Bike,6,8.0,21,5,False,Fast,New
667,5.3,Clear,Low,Evening,Bike,16,5.0,32,4,False,Normal,Returning
862,9.34,Rainy,Low,Evening,Car,10,0.0,40,4,False,Normal,Returning
341,10.09,Clear,Medium,Evening,Bike,7,0.0,49,3,True,Late,New
432,15.35,Rainy,High,Night,Scooter,23,9.0,80,2,True,,Returning
552,17.12,Rainy,Low,Morning,Bike,26,3.0,86,2,True,,Returning
834,3.94,Snowy,Low,Afternoon,Bike,19,3.0,43,3,True,Late,Returning
631,14.41,Snowy,Medium,Evening,Bike,8,8.0,75,2,True,,New
94,11.44,Rainy,Medium,Evening,Car,20,2.0,57,2,True,Late,Returning
559,15.23,Foggy,Low,Morning,Car,6,0.0,52,3,True,Late,New
69,1.95,Clear,Low,Morning,Scooter,16,2.0,23,5,False,Fast,New
285,11.78,Clear,Low,Afternoon,Scooter,26,3.0,71,2,True,,New
845,3.4,Windy,Medium,Morning,Bike,11,6.0,30,4,False,Normal,New
435,2.14,Clear,High,Evening,Bike,18,3.0,34,4,False,Normal,New
154,10.04,Rainy,High,Afternoon,Bike,12,9.0,59,2,True,Late,Returning
731,3.7,Clear,Medium,Morning,Bike,28,7.0,45,3,True,Late,New
447,19.73,Rainy,Low,Evening,Bike,8,8.0,64,2,True,,Returning
189,10.83,Clear,Medium,Evening,Scooter,8,9.0,51,3,True,Late,New
272,16.3,Foggy,Low,Morning,Car,12,1.0,100,2,True,,Returning
237,5.98,Foggy,High,Morning,Bike,14,6.0,44,3,True,Late,Returning
488,5.98,Rainy,High,Morning,Bike,21,2.0,60,2,True,Late,New
118,4.14,Foggy,Medium,Morning,Bike,21,0.0,46,3,True,Late,New
513,18.69,Windy,Medium,Night,Bike,23,9.0,74,2,True,,Returning
826,18.44,Rainy,High,Morning,Bike,27,7.0,80,2,True,,Returning
592,13.0,Windy,High,Morning,Bike,22,8.0,65,2,True,,New
117,16.17,Clear,Medium,Evening,Car,10,2.0,116,2,True,,Returning
474,17.88,Clear,Medium,Evening,Bike,29,3.0,98,2,True,,New
694,5.23,Clear,Medium,Morning,Scooter,19,4.0,37,4,False,Normal,New
864,9.09,Rainy,Medium,Morning,Bike,6,7.0,43,3,True,Late,New
913,12.67,Windy,Medium,Morning,Scooter,7,3.0,43,3,True,Late,New
370,1.85,Clear,Medium,Evening,Bike,10,1.0,24,5,False,Fast,New
269,7.51,Rainy,Low,Evening,Car,27,6.0,50,3,True,Late,New
47,6.58,Clear,Low,Afternoon,Bike,13,1.0,34,4,False,Normal,Returning
350,12.7,Clear,Low,Morning,Scooter,22,2.0,57,2,True,Late,Returning
196,7.31,Foggy,Medium,Afternoon,Bike,26,2.0,65,2,True,,Returning
1000,9.2,Clear,High,Morning,Scooter,9,9.0,48,3,True,Late,New
835,10.22,Foggy,Low,Afternoon,Scooter,21,0.0,61,2,True,,New
737,8.15,Clear,High,Evening,Scooter,12,9.0,43,3,True,Late,Returning
264,10.61,Clear,Medium,Morning,Bike,17,0.0,59,2,True,Late,New
444,7.73,Clear,High,Night,Bike,29,5.0,58,2,True,Late,Returning
676,19.66,Clear,Low,Morning,Car,19,6.0,70,2,True,,Returning
305,14.66,Snowy,High,Morning,Car,5,6.0,71,2,True,,Returning
342,9.73,Clear,Low,Afternoon,Bike,29,6.0,60,2,True,Late,New
967,14.52,Clear,Medium,Afternoon,Car,26,5.0,86,2,True,,New
125,4.94,Rainy,High,Evening,Scooter,28,4.0,63,2,True,,Returning
787,11.88,Rainy,High,Afternoon,Car,29,9.0,78,2,True,,Returning
51,19.41,Foggy,Medium,Morning,Car,7,6.0,66,2,True,,New
928,11.06,Clear,High,Evening,Bike,6,9.0,53,3,True,Late,New
143,10.2,Rainy,Medium,Afternoon,Bike,18,9.0,56,2,True,Late,Returning
471,0.74,Rainy,Low,Morning,Car,13,4.0,21,5,False,Fast,New
400,15.21,Snowy,Medium,Afternoon,Bike,20,9.0,90,2,True,,Returning
626,7.69,Rainy,High,Morning,Scooter,16,3.0,58,2,True,Late,Returning
321,11.21,Clear,High,Afternoon,Scooter,23,1.0,76,2,True,,New
20,6.18,Clear,Medium,Evening,Bike,9,9.0,35,4,False,Normal,New
810,2.71,Clear,Medium,Morning,Car,6,5.0,19,5,False,Fast,New
791,3.49,Clear,Medium,Morning,Bike,17,2.0,38,4,False,Normal,New
809,9.29,Clear,Medium,Morning,Bike,17,2.0,49,3,True,Late,New
408,0.71,Foggy,Low,Night,Bike,29,1.0,41,3,True,Late,New
538,5.32,Rainy,Low,Afternoon,Scooter,27,2.0,48,3,True,Late,Returning
621,4.1,Clear,Medium,Evening,Car,18,3.0,38,4,False,Normal,Returning
176,3.9,Rainy,High,Morning,Car,25,9.0,54,3,True,Late,Returning
246,18.6,Rainy,Medium,Morning,Car,28,9.0,77,2,True,,Returning
829,14.88,Snowy,Medium,Evening,Bike,10,0.0,64,2,True,,New
668,3.63,Windy,Medium,Morning,Car,22,9.0,39,4,False,Normal,Returning
755,3.22,Windy,High,Morning,Car,7,7.0,27,4,False,Normal,New
859,11.51,Foggy,Low,Afternoon,Car,5,7.0,57,2,True,Late,New
155,19.72,Rainy,Low,Afternoon,Bike,27,6.0,109,2,True,,New
288,11.08,Clear,Low,Evening,Scooter,28,2.0,58,2,True,Late,Returning
603,3.95,Clear,Medium,Morning,Car,28,5.0,47,3,True,Late,New
570,7.29,Clear,High,Evening,Car,11,7.0,48,3,True,Late,New
744,10.3,Clear,Low,Morning,Car,12,7.0,41,3,True,Late,Returning
18,10.73,Rainy,High,Afternoon,Car,27,6.0,83,2,True,,Returning
128,17.28,Clear,Low,Morning,Car,28,3.0,72,2,True,,New
323,13.37,Foggy,Medium,Evening,Scooter,16,9.0,71,2,True,,New
256,11.36,Clear,Medium,Morning,Scooter,8,2.0,52,3,True,Late,New
658,7.58,Clear,High,Afternoon,Scooter,19,9.0,57,2,True,Late,Returning
191,2.32,Clear,Low,Afternoon,Scooter,23,1.0,32,4,False,Normal,New
116,17.49,Rainy,Low,Evening,Bike,27,9.0,97,2,True,,New
181,7.15,Windy,Low,Morning,Bike,15,3.0,42,3,True,Late,Returning
760,15.88,Rainy,Low,Evening,Car,17,1.0,68,2,True,,Returning
724,14.95,Clear,Medium,Morning,Bike,13,7.0,49,3,True,Late,Returning
686,11.36,Foggy,Low,Afternoon,Bike,6,4.0,47,3,True,Late,New
980,12.14,Foggy,High,Afternoon,Bike,12,0.0,65,2,True,,New
518,16.31,Foggy,Medium,Afternoon,Car,14,7.0,71,2,True,,Returning
985,14.7,Clear,Medium,Evening,Scooter,24,5.0,75,2,True,,New
46,13.42,Rainy,Medium,Evening,Bike,6,6.0,105,2,True,,Returning
158,15.35,Foggy,Low,Morning,Car,5,3.0,56,2,True,Late,New
852,15.12,Foggy,Low,Morning,Bike,14,1.0,58,2,True,Late,Returning
172,0.82,Windy,Low,Morning,Car,18,9.0,23,5,False,Fast,Returning
17,6.43,Clear,Low,Evening,Car,9,7.0,26,4,False,Normal,New
512,8.66,Snowy,High,Morning,Bike,29,3.0,77,2,True,,Returning
49,11.16,Foggy,Medium,Afternoon,Car,21,4.0,77,2,True,,Returning
516,1.01,Clear,High,Night,Bike,17,7.0,29,4,False,Normal,Returning
953,3.92,Rainy,Medium,Night,Bike,20,9.0,41,3,True,Late,New
481,12.77,Foggy,Low,Morning,Bike,22,8.0,71,2,True,,New
284,2.33,Clear,Low,Evening,Bike,9,2.0,18,5,False,Fast,New
719,2.92,Windy,High,Afternoon,Bike,24,4.0,48,3,True,Late,Returning
878,13.35,Rainy,Low,Evening,Scooter,14,4.0,91,2,True,,New
226,5.26,Rainy,Medium,Evening,Scooter,28,8.0,51,3,True,Late,Returning
27,4.39,Foggy,Medium,Night,Bike,12,8.0,38,4,False,Normal,New
955,8.67,Windy,High,Morning,Bike,20,4.0,55,3,True,Late,New
438,16.53,Snowy,Low,Afternoon,Scooter,24,9.0,99,2,True,,Returning
952,13.47,Clear,Medium,Evening,Bike,19,4.0,59,2,True,Late,Returning
365,18.86,Snowy,Medium,Night,Bike,18,1.0,89,2,True,,New
230,12.81,Clear,Low,Morning,Bike,12,2.0,51,3,True,Late,New
38,2.4,Snowy,Low,Night,Scooter,27,5.0,42,3,True,Late,Returning
966,7.44,Rainy,Medium,Evening,Bike,6,1.0,39,4,False,Normal,Returning
375,1.89,Clear,Medium,Evening,Scooter,13,7.0,22,5,False,Fast,Returning
470,19.28,Snowy,Medium,Morning,Car,21,3.0,101,2,True,,New
851,1.81,Clear,Medium,Afternoon,Car,23,3.0,34,4,False,Normal,New
705,1.74,Clear,Medium,Night,Bike,23,2.0,34,4,False,Normal,New
842,13.44,Clear,Medium,Morning,Car,22,1.0,79,2,True,,New
855,4.5,Windy,Low,Evening,Scooter,20,6.0,32,4,False,Normal,Returning
865,8.31,Windy,Medium,Morning,Bike,6,5.0,44,3,True,Late,Returning
504,16.37,Clear,High,Morning,Bike,26,7.0,97,2,True,,Returning
970,9.78,Clear,Medium,Afternoon,Bike,18,3.0,58,2,True,Late,Returning
831,4.88,Windy,Medium,Afternoon,Scooter,26,7.0,48,3,True,Late,New
969,11.54,Clear,High,Afternoon,Car,10,0.0,56,2,True,Late,Returning
909,5.56,Clear,Low,Afternoon,Scooter,19,5.0,31,4,False,Normal,New
802,3.47,Snowy,High,Night,Bike,24,9.0,53,3,True,Late,Returning
994,12.01,Clear,Low,Morning,Scooter,26,6.0,57,2,True,Late,Returning
756,15.98,Foggy,Low,Morning,Car,21,6.0,90,2,True,,Returning
112,3.64,Clear,Low,Morning,Scooter,16,3.0,26,4,False,Normal,Returning
227,19.47,Clear,Low,Morning,Bike,16,8.0,83,2,True,,New
689,15.51,Rainy,Medium,Morning,Scooter,10,8.0,81,2,True,,Returning
104,10.42,Windy,Medium,Afternoon,Bike,28,3.0,72,2,True,,Returning
422,15.9,Rainy,Low,Evening,Car,19,5.0,78,2,True,,New
420,15.17,Windy,Low,Morning,Bike,25,4.0,77,2,True,,New
587,1.98,Rainy,Low,Afternoon,Bike,22,0.0,39,4,False,Normal,New
781,14.03,Clear,Low,Afternoon,Bike,17,2.0,65,2,True,,New
673,2.06,Foggy,Medium,Evening,Scooter,22,4.0,40,4,False,Normal,Returning
120,11.02,Clear,High,Morning,Scooter,22,2.0,70,2,True,,Returning
152,5.17,Foggy,Low,Morning,Bike,29,0.0,56,2,True,Late,New
404,16.62,Snowy,Low,Afternoon,Bike,26,8.0,94,2,True,,New
946,0.71,Rainy,Low,Morning,Car,25,8.0,31,4,False,Normal,Returning
659,13.1,Clear,Low,Evening,Bike,28,2.0,72,2,True,,Returning
844,19.24,Rainy,High,Afternoon,Bike,9,7.0,75,2,True,,Returning
763,5.35,Clear,Medium,Afternoon,Scooter,24,6.0,43,3,True,Late,New
9,12.22,Clear,Low,Evening,Scooter,15,0.0,56,2,True,Late,New
808,18.55,Clear,Low,Afternoon,Car,11,9.0,69,2,True,,Returning
37,6.44,Clear,Low,Afternoon,Car,18,2.0,43,3,True,Late,Returning
453,8.77,Foggy,Medium,Evening,Car,14,7.0,49,3,True,Late,New
652,10.97,Clear,Low,Afternoon,Scooter,27,3.0,51,3,True,Late,Returning
254,6.68,Clear,High,Morning,Scooter,10,5.0,44,3,True,Late,New
304,12.93,Rainy,Low,Afternoon,Scooter,25,0.0,61,2,True,,Returning
747,7.99,Clear,Medium,Evening,Bike,18,4.0,42,3,True,Late,New
572,15.78,Clear,High,Afternoon,Scooter,12,1.0,68,2,True,,New
624,9.95,Windy,High,Evening,Scooter,21,5.0,72,2,True,,Returning
733,13.47,Rainy,Low,Afternoon,Scooter,7,6.0,46,3,True,Late,New
892,17.19,Clear,Medium,Afternoon,Bike,11,8.0,76,2,True,,New
263,3.23,Clear,High,Afternoon,Bike,17,9.0,33,4,False,Normal,Returning
611,1.27,Foggy,High,Afternoon,Bike,25,9.0,46,3,True,Late,New
298,4.71,Clear,Low,Morning,Bike,20,6.0,31,4,False,Normal,New
415,12.82,Rainy,Medium,Evening,Bike,28,9.0,72,2,True,,New
789,9.51,Clear,High,Morning,Bike,26,9.0,63,2,True,,Returning
641,0.89,Rainy,Low,Morning,Car,9,0.0,20,5,False,Fast,Returning
890,5.24,Windy,High,Afternoon,Scooter,26,8.0,51,3,True,Late,New
551,10.64,Windy,Low,Evening,Car,11,9.0,36,4,False,Normal,Returning
887,13.23,Clear,Medium,Night,Bike,20,8.0,70,2,True,,Returning
489,19.03,Clear,Medium,Morning,Scooter,8,8.0,65,2,True,,Returning
148,10.3,Rainy,Low,Evening,Bike,29,0.0,73,2,True,,New
147,12.39,Snowy,Medium,Evening,Bike,14,8.0,56,2,True,Late,Returning
721,18.8,Clear,High,Afternoon,Bike,23,7.0,95,2,True,,New
932,16.78,Rainy,Medium,Morning,Bike,22,1.0,70,2,True,,Returning
740,7.85,Clear,Low,Afternoon,Scooter,7,9.0,34,4,False,Normal,New
660,11.63,Clear,Medium,Night,Scooter,29,7.0,57,2,True,Late,New
349,7.8,Windy,Medium,Afternoon,Car,17,6.0,44,3,True,Late,New
464,11.88,Rainy,Medium,Afternoon,Bike,5,1.0,63,2,True,,Returning
326,14.89,Clear,High,Evening,Car,22,9.0,88,2,True,,New
854,18.01,Foggy,High,Night,Bike,14,2.0,71,2,True,,New
609,10.32,Clear,Medium,Night,Car,24,5.0,49,3,True,Late,New
144,6.37,Rainy,Low,Afternoon,Car,29,4.0,56,2,True,Late,Returning
959,3.74,Rainy,Low,Morning,Bike,19,6.0,36,4,False,Normal,New
198,17.99,Windy,High,Evening,Bike,5,1.0,73,2,True,,New
610,13.96,Rainy,Low,Night,Bike,5,1.0,42,3,True,Late,New
280,16.02,Clear,Low,Evening,Bike,20,7.0,61,2,True,,New
401,2.51,Clear,Low,Morning,Bike,16,2.0,28,4,False,Normal,New
123,6.7,Foggy,High,Morning,Scooter,23,3.0,59,2,True,Late,New
184,17.61,Windy,Low,Morning,Bike,5,8.0,61,2,True,,Returning
203,3.65,Clear,Medium,Morning,Bike,29,9.0,46,3,True,Late,Returning
439,14.27,Clear,Medium,Night,Car,24,3.0,77,2,True,,New
247,8.85,Clear,Low,Afternoon,Bike,11,9.0,45,3,True,Late,New
933,19.7,Rainy,Low,Evening,Car,16,6.0,66,2,True,,New
766,11.61,Clear,High,Morning,Car,19,1.0,67,2,True,,Returning
907,16.44,Windy,High,Afternoon,Car,8,0.0,80,2,True,,Returning
836,8.67,Rainy,High,Afternoon,Bike,12,7.0,104,2,True,,Returning
888,5.14,Clear,Medium,Evening,Scooter,23,7.0,43,3,True,Late,Returning
638,5.23,Clear,Medium,Morning,Scooter,23,2.0,47,3,True,Late,New
403,10.35,Clear,Medium,Night,Bike,7,9.0,48,3,True,Late,Returning
785,4.04,Rainy,High,Evening,Bike,14,6.0,39,4,False,Normal,Returning
771,2.66,Clear,Low,Afternoon,Bike,16,8.0,21,5,False,Fast,Returning
736,17.61,Foggy,Medium,Afternoon,Bike,9,5.0,74,2,True,,New
914,8.48,Clear,High,Night,Bike,11,5.0,39,4,False,Normal,Returning
220,17.06,Clear,Low,Evening,Bike,9,9.0,66,2,True,,New
642,6.78,Foggy,Low,Night,Bike,18,6.0,42,3,True,Late,New
916,9.0,Snowy,Medium,Afternoon,Car,29,3.0,78,2,True,,Returning
753,12.74,Clear,Low,Afternoon,Scooter,12,0.0,63,2,True,,New
807,18.72,Rainy,Medium,Afternoon,Bike,17,0.0,89,2,True,,New
625,12.56,Clear,Low,Morning,Car,22,8.0,49,3,True,Late,New
875,1.0,Snowy,Medium,Morning,Bike,28,0.0,51,3,True,Late,Returning
761,3.46,Clear,Low,Morning,Bike,24,6.0,37,4,False,Normal,Returning
387,6.0,Snowy,Low,Morning,Car,20,8.0,53,3,True,Late,Returning
973,14.79,Clear,Medium,Morning,Scooter,12,9.0,64,2,True,,Returning
510,14.65,Snowy,High,Morning,Car,19,3.0,95,2,True,,Returning
268,14.2,Clear,Medium,Afternoon,Bike,17,1.0,73,2,True,,Returning
820,7.04,Clear,Low,Afternoon,Bike,11,8.0,38,4,False,Normal,New
497,11.88,Rainy,Medium,Evening,Bike,20,8.0,69,2,True,,New
113,18.63,Clear,Low,Evening,Bike,26,8.0,75,2,True,,Returning
692,8.8,Rainy,Medium,Afternoon,Bike,6,2.0,38,4,False,Normal,Returning
233,11.75,Clear,High,Morning,Bike,9,2.0,55,3,True,Late,Returning
870,18.95,Snowy,Low,Morning,Car,27,0.0,92,2,True,,Returning
608,7.6,Foggy,Low,Morning,Bike,16,4.0,48,3,True,Late,New
672,17.99,Foggy,Low,Morning,Car,11,2.0,84,2,True,,Returning
374,13.82,Clear,Medium,Evening,Bike,21,9.0,72,2,True,,Returning
982,15.53,Foggy,Low,Evening,Bike,26,7.0,68,2,True,,Returning
843,3.97,Clear,High,Afternoon,Bike,19,8.0,40,4,False,Normal,Returning
234,10.1,Clear,High,Morning,Car,17,6.0,55,3,True,Late,Returning
786,18.21,Foggy,Low,Morning,Bike,5,1.0,70,2,True,,Returning
677,2.68,Clear,Low,Morning,Bike,16,8.0,25,5,False,Fast,New
318,3.88,Snowy,Low,Morning,Bike,9,6.0,33,4,False,Normal,Returning
649,15.89,Snowy,Medium,Afternoon,Car,15,9.0,91,2,True,,Returning
411,6.73,Clear,Medium,Afternoon,Bike,21,1.0,54,3,True,Late,New
899,0.75,Clear,Medium,Afternoon,Bike,10,5.0,16,5,False,Fast,Returning
710,13.79,Rainy,Low,Night,Scooter,11,0.0,69,2,True,,Returning
359,18.83,Clear,Medium,Evening,Scooter,5,8.0,69,2,True,,New
259,11.62,Clear,Low,Afternoon,Bike,9,8.0,33,4,False,Normal,New
628,15.08,Rainy,Medium,Evening,Scooter,26,1.0,94,2,True,,New
633,10.48,Rainy,Low,Afternoon,Car,10,7.0,45,3,True,Late,Returning
283,7.82,Rainy,Medium,Evening,Bike,16,8.0,45,3,True,Late,Returning
385,14.83,Rainy,Low,Morning,Car,19,4.0,126,2,True,,Returning
225,5.67,Clear,Low,Morning,Scooter,11,9.0,27,4,False,Normal,New
954,18.33,Snowy,Medium,Morning,Scooter,5,5.0,67,2,True,,Returning
473,1.34,Foggy,High,Evening,Bike,9,5.0,30,4,False,Normal,New
348,1.38,Clear,Low,Morning,Scooter,13,9.0,17,5,False,Fast,New
640,7.86,Windy,Medium,Morning,Car,22,2.0,55,3,True,Late,New
988,8.98,Clear,Medium,Afternoon,Scooter,22,8.0,105,2,True,,Returning
929,12.85,Rainy,Medium,Evening,Scooter,6,7.0,61,2,True,,Returning
906,17.91,Clear,Low,Afternoon,Bike,6,7.0,68,2,True,,New
620,15.09,Snowy,Low,Morning,Car,20,7.0,68,2,True,,Returning
856,4.22,Clear,Medium,Morning,Bike,16,7.0,35,4,False,Normal,Returning
804,12.33,Clear,High,Night,Bike,7,2.0,101,2,True,,New
646,17.87,Snowy,Low,Morning,Scooter,29,4.0,87,2,True,,Returning
847,2.16,Clear,Medium,Night,Car,10,1.0,23,5,False,Fast,Returning
557,3.11,Rainy,Medium,Morning,Scooter,21,1.0,43,3,True,Late,Returning
958,1.42,Clear,High,Afternoon,Scooter,24,2.0,40,4,False,Normal,New
578,18.57,Rainy,Medium,Afternoon,Bike,16,7.0,89,2,True,,Returning
796,17.51,Clear,Medium,Evening,Bike,15,3.0,60,2,True,Late,Returning
86,6.84,Clear,Medium,Evening,Bike,25,1.0,51,3,True,Late,New
699,3.51,Windy,Medium,Night,Bike,22,2.0,44,3,True,Late,New
160,14.7,Clear,Medium,Morning,Scooter,6,2.0,58,2,True,Late,New
525,16.85,Clear,High,Morning,Car,17,4.0,71,2,True,,Returning
36,16.26,Rainy,Low,Morning,Car,27,5.0,66,2,True,,New
541,19.1,Snowy,Medium,Morning,Bike,25,6.0,90,2,True,,Returning
171,13.71,Rainy,Medium,Evening,Bike,22,9.0,64,2,True,,Returning
891,14.58,Clear,Low,Evening,Bike,23,0.0,70,2,True,,Returning
858,9.71,Clear,Low,Afternoon,Car,27,5.0,61,2,True,,Returning
848,19.94,Clear,Low,Afternoon,Bike,26,6.0,83,2,True,,New
945,4.53,Snowy,Medium,Morning,Scooter,18,4.0,49,3,True,Late,New
734,10.7,Clear,High,Afternoon,Car,8,4.0,57,2,True,Late,New
96,10.13,Clear,Medium,Evening,Bike,22,0.0,65,2,True,,Returning
564,0.78,Clear,Low,Afternoon,Bike,11,0.0,18,5,False,Fast,New
241,18.84,Foggy,Medium,Afternoon,Scooter,25,8.0,88,2,True,,Returning
743,15.08,Snowy,Low,Evening,Bike,29,7.0,84,2,True,,Returning
575,17.32,Clear,Low,Evening,Scooter,10,3.0,77,2,True,,New
691,6.81,Clear,Medium,Evening,Bike,23,2.0,47,3,True,Late,Returning
461,2.79,Clear,High,Morning,Bike,23,7.0,38,4,False,Normal,Returning
554,11.44,Foggy,High,Afternoon,Car,14,4.0,74,2,True,,Returning
889,2.44,Snowy,High,Evening,Bike,13,9.0,39,4,False,Normal,Returning
207,2.48,Rainy,Low,Evening,Scooter,20,8.0,30,4,False,Normal,Returning
795,0.85,Clear,Medium,Morning,Bike,9,8.0,17,5,False,Fast,New
398,8.87,Clear,Low,Evening,Bike,19,3.0,55,3,True,Late,New
767,15.37,Snowy,Medium,Afternoon,Car,15,5.0,66,2,True,,New
849,10.29,Foggy,Medium,Evening,Scooter,25,4.0,67,2,True,,Returning
218,15.06,Rainy,Low,Morning,Bike,22,4.0,65,2,True,,Returning
769,7.17,Clear,Medium,Morning,Scooter,7,9.0,29,4,False,Normal,New
643,4.62,Rainy,Medium,Afternoon,Car,8,3.0,33,4,False,Normal,New
930,5.53,Clear,Low,Morning,Car,10,8.0,27,4,False,Normal,Returning
613,12.74,Rainy,Low,Afternoon,Bike,17,9.0,63,2,True,,New
739,9.06,Clear,High,Evening,Bike,26,3.0,61,2,True,,Returning
547,2.71,Foggy,Low,Morning,Bike,6,0.0,28,4,False,Normal,Returning
726,16.92,Clear,Low,Night,Bike,23,5.0,78,2,True,,Returning
684,13.54,Foggy,Low,Morning,Bike,11,1.0,54,3,True,Late,New
99,1.0,Snowy,Medium,Morning,Bike,25,4.0,44,3,True,Late,Returning
805,8.77,Clear,Medium,Morning,Car,12,2.0,42,3,True,Late,New
728,16.01,Windy,Low,Morning,Car,28,0.0,84,2,True,,New
574,12.63,Foggy,Medium,Night,Scooter,8,8.0,49,3,True,Late,Returning
407,8.09,Foggy,Low,Evening,Car,22,2.0,56,2,True,Late,New
503,6.54,Clear,Medium,Night,Bike,10,7.0,39,4,False,Normal,New
48,10.64,Clear,Medium,Afternoon,Scooter,14,5.0,45,3,True,Late,Returning
33,1.77,Clear,Medium,Evening,Bike,14,9.0,22,5,False,Fast,New
780,13.0,Foggy,Low,Evening,Bike,25,7.0,77,2,True,,Returning
840,12.83,Clear,Low,Evening,Bike,5,8.0,50,3,True,Late,Returning
201,13.02,Snowy,High,Afternoon,Car,6,9.0,65,2,True,,New
135,18.89,Rainy,Medium,Morning,Scooter,22,1.0,74,2,True,,Returning
28,10.53,Foggy,High,Evening,Bike,25,8.0,72,2,True,,Returning
881,5.01,Rainy,Low,Afternoon,Bike,10,5.0,31,4,False,Normal,New
231,16.0,Foggy,Medium,Afternoon,Scooter,13,3.0,65,2,True,,New
490,17.86,Clear,Low,Afternoon,Scooter,16,8.0,83,2,True,,New
773,2.99,Foggy,High,Afternoon,Bike,9,5.0,90,2,True,,Returning
379,16.38,Clear,Medium,Morning,Bike,6,2.0,51,3,True,Late,New
289,6.09,Clear,Medium,Night,Bike,7,4.0,27,4,False,Normal,Returning
419,13.61,Clear,Low,Morning,Bike,26,0.0,66,2,True,,Returning
675,8.5,Snowy,High,Evening,Bike,14,7.0,56,2,True,Late,Returning
392,8.55,Clear,Low,Evening,Scooter,28,8.0,46,3,True,Late,Returning
593,4.05,Clear,Medium,Afternoon,Scooter,21,5.0,39,4,False,Normal,Returning
499,19.5,Clear,High,Morning,Bike,18,2.0,73,2,True,,Returning
63,16.66,Snowy,High,Afternoon,Scooter,29,7.0,95,2,True,,Returning
472,19.41,Snowy,High,Evening,Car,21,3.0,100,2,True,,New
648,13.74,Foggy,Medium,Afternoon,Bike,6,1.0,56,2,True,Late,New
129,0.64,Clear,High,Night,Bike,10,3.0,24,5,False,Fast,New
977,12.1,Clear,High,Afternoon,Bike,11,0.0,53,3,True,Late,New
521,12.09,Clear,Medium,Morning,Car,13,1.0,60,2,True,Late,New
839,11.82,Windy,Medium,Night,Bike,24,7.0,77,2,True,,Returning
963,5.28,Foggy,Low,Morning,Bike,27,6.0,53,3,True,Late,Returning
65,5.98,Clear,Low,Evening,Car,22,9.0,35,4,False,Normal,Returning
813,2.93,Clear,Medium,Morning,Bike,24,8.0,94,2,True,,Returning
15,4.05,Snowy,Medium,Evening,Scooter,19,2.0,50,3,True,Late,New
493,5.91,Clear,Medium,Evening,Scooter,29,4.0,57,2,True,Late,Returning
380,6.0,Rainy,Medium,Evening,Scooter,21,2.0,47,3,True,Late,Returning
188,11.33,Clear,Medium,Afternoon,Scooter,29,7.0,77,2,True,,Returning
764,15.01,Clear,Medium,Morning,Bike,15,6.0,64,2,True,,New
217,6.85,Clear,High,Morning,Bike,16,5.0,48,3,True,Late,New
792,11.93,Snowy,High,Morning,Car,7,1.0,75,2,True,,New
53,18.82,Windy,Low,Morning,Car,5,3.0,77,2,True,,Returning
879,1.03,Clear,Medium,Afternoon,Bike,19,4.0,29,4,False,Normal,New
720,14.75,Clear,Low,Morning,Car,10,7.0,62,2,True,,Returning
725,11.7,Rainy,Low,Afternoon,Bike,17,5.0,60,2,True,Late,New
296,10.68,Clear,Low,Morning,Bike,14,1.0,42,3,True,Late,Returning
702,1.51,Clear,High,Evening,Bike,26,1.0,44,3,True,Late,New
252,8.01,Clear,High,Morning,Bike,8,6.0,48,3,True,Late,Returning
727,3.23,Rainy,Low,Morning,Car,25,7.0,42,3,True,Late,New
462,13.16,Rainy,High,Morning,Scooter,25,8.0,68,2,True,,New
456,10.11,Windy,Low,Morning,Bike,11,4.0,44,3,True,Late,Returning
997,18.39,Windy,Low,Afternoon,Bike,24,6.0,74,2,True,,Returning
816,10.62,Windy,Medium,Afternoon,Car,22,5.0,54,3,True,Late,New
270,6.23,Clear,Medium,Evening,Car,20,1.0,51,3,True,Late,New
202,2.14,Clear,Low,Afternoon,Bike,25,1.0,36,4,False,Normal,Returning
162,12.83,Clear,Medium,Morning,Bike,19,2.0,76,2,True,,Returning
556,8.37,Clear,High,Evening,Scooter,13,7.0,42,3,True,Late,New
730,3.69,Rainy,Medium,Afternoon,Bike,8,8.0,27,4,False,Normal,Returning
402,18.1,Clear,Low,Morning,Scooter,8,5.0,77,2,True,,Returning
703,7.06,Clear,Low,Afternoon,Scooter,26,5.0,51,3,True,Late,Returning
477,1.94,Foggy,Low,Night,Bike,10,1.0,25,5,False,Fast,Returning
822,0.59,Clear,Low,Afternoon,Bike,21,0.0,27,4,False,Normal,New
772,17.01,Snowy,Low,Night,Bike,28,6.0,97,2,True,,Returning
106,5.36,Clear,Low,Afternoon,Scooter,11,4.0,30,4,False,Normal,Returning
566,12.0,Clear,Low,Evening,Car,25,0.0,75,2,True,,New
390,16.23,Clear,Medium,Evening,Bike,6,0.0,54,3,True,Late,Returning
2,19.04,Rainy,Low,Evening,Car,12,6.0,60,2,True,Late,Returning
938,18.33,Foggy,Medium,Morning,Scooter,19,0.0,98,2,True,,New
983,2.58,Clear,Medium,Morning,Scooter,25,7.0,37,4,False,Normal,Returning
562,4.65,Clear,Medium,Evening,Bike,21,1.0,46,3,True,Late,Returning
81,17.33,Snowy,Low,Evening,Scooter,12,3.0,79,2,True,,Returning
206,0.68,Snowy,High,Evening,Bike,29,8.0,50,3,True,Late,Returning
35,19.33,Clear,Medium,Morning,Bike,7,8.0,73,2,True,,New
776,3.42,Clear,Medium,Night,Car,11,9.0,24,5,False,Fast,Returning
509,19.02,Rainy,High,Evening,Scooter,22,1.0,106,2,True,,Returning
428,17.81,Windy,High,Evening,Bike,21,4.0,122,2,True,,Returning
455,2.67,Clear,Medium,Night,Car,17,6.0,28,4,False,Normal,New
898,17.98,Clear,Low,Evening,Bike,5,8.0,45,3,True,Late,Returning
565,7.34,Foggy,Medium,Afternoon,Bike,22,5.0,93,2,True,,Returning
346,12.51,Clear,Medium,Evening,Bike,18,5.0,62,2,True,,New
777,4.97,Rainy,Low,Evening,Bike,17,9.0,34,4,False,Normal,New
242,19.1,Snowy,Low,Afternoon,Bike,18,1.0,101,2,True,,Returning
14,4.64,Clear,Low,Afternoon,Bike,15,9.0,24,5,False,Fast,Returning
316,14.07,Rainy,Low,Evening,Bike,10,5.0,63,2,True,,New
601,3.79,Clear,Medium,Morning,Bike,13,2.0,34,4,False,Normal,New
274,18.31,Clear,Medium,Afternoon,Bike,25,3.0,79,2,True,,New
167,6.76,Foggy,Medium,Night,Bike,7,6.0,42,3,True,Late,Returning
841,0.76,Clear,Low,Afternoon,Car,26,9.0,28,4,False,Normal,New
993,5.81,Rainy,Medium,Evening,Bike,14,8.0,41,3,True,Late,New
647,12.08,Clear,High,Afternoon,Scooter,16,4.0,60,2,True,Late,New
819,1.57,Rainy,Low,Evening,Car,16,1.0,30,4,False,Normal,New
485,11.89,Clear,Medium,Afternoon,Bike,28,0.0,79,2,True,,New
981,7.02,Clear,Medium,Evening,Car,23,2.0,53,3,True,Late,Returning
505,13.85,Clear,Low,Evening,Bike,29,5.0,71,2,True,,Returning
832,9.32,Rainy,Medium,Evening,Scooter,24,2.0,71,2,True,,Returning
244,7.72,Foggy,High,Evening,Bike,19,4.0,64,2,True,,New
567,8.15,Rainy,Low,Afternoon,Bike,26,2.0,50,3,True,Late,Returning
876,3.54,Rainy,Medium,Afternoon,Scooter,17,4.0,41,3,True,Late,New
687,11.65,Windy,Low,Night,Bike,10,3.0,53,3,True,Late,New
783,5.41,Clear,High,Morning,Scooter,17,6.0,38,4,False,Normal,Returning
700,9.88,Rainy,Medium,Morning,Car,7,0.0,43,3,True,Late,Returning
476,19.86,Rainy,High,Evening,Bike,12,8.0,71,2,True,,New
682,5.53,Windy,High,Morning,Bike,23,4.0,59,2,True,Late,Returning
511,12.46,Foggy,Low,Afternoon,Bike,10,1.0,62,2,True,,New
59,1.38,Clear,Medium,Morning,Car,6,3.0,17,5,False,Fast,Returning
475,10.79,Clear,Medium,Evening,Scooter,24,1.0,65,2,True,,Returning
561,14.23,Clear,Medium,Afternoon,Scooter,23,7.0,70,2,True,,New
857,1.21,Snowy,Low,Afternoon,Bike,22,1.0,39,4,False,Normal,Returning
748,11.1,Clear,Low,Afternoon,Bike,18,7.0,56,2,True,Late,Returning
253,17.1,Clear,Medium,Evening,Bike,25,5.0,65,2,True,,New
22,3.22,Clear,Medium,Afternoon,Bike,19,9.0,32,4,False,Normal,Returning
314,19.27,Foggy,Medium,Morning,Car,29,9.0,85,2,True,,New
460,2.82,Rainy,Medium,Evening,Scooter,10,1.0,29,4,False,Normal,Returning
161,7.67,Foggy,Medium,Afternoon,Scooter,22,8.0,59,2,True,Late,New
277,16.07,Clear,Medium,Evening,Bike,16,5.0,64,2,True,,New
956,7.97,Windy,Medium,Evening,Scooter,9,8.0,35,4,False,Normal,New
386,16.17,Clear,Medium,Evening,Scooter,12,2.0,78,2,True,,Returning
492,12.59,Clear,Low,Evening,Scooter,10,2.0,39,4,False,Normal,Returning
770,16.51,Clear,Medium,Morning,Bike,7,1.0,79,2,True,,New
309,16.01,Clear,Low,Afternoon,Car,12,4.0,72,2,True,,Returning
662,19.74,Rainy,High,Afternoon,Scooter,11,7.0,81,2,True,,New
131,8.64,Snowy,Low,Evening,Bike,29,4.0,62,2,True,,New
664,5.13,Clear,Medium,Morning,Car,16,1.0,38,4,False,Normal,New
872,5.78,Clear,High,Morning,Bike,11,5.0,38,4,False,Normal,Returning
100,2.6,Clear,Low,Afternoon,Bike,16,1.0,29,4,False,Normal,Returning
373,2.34,Foggy,Medium,Morning,Bike,8,2.0,28,4,False,Normal,Returning
88,12.93,Clear,Medium,Morning,Scooter,20,8.0,58,2,True,Late,New
459,1.6,Clear,Medium,Evening,Bike,14,8.0,24,5,False,Fast,New
122,17.97,Windy,Medium,Morning,Scooter,28,7.0,92,2,True,,Returning
615,17.53,Clear,Low,Afternoon,Bike,14,6.0,79,2,True,,Returning
21,12.43,Rainy,High,Morning,Bike,13,6.0,70,2,True,,New
701,10.89,Windy,Medium,Evening,Bike,7,0.0,58,2,True,Late,Returning
72,4.37,Clear,Medium,Evening,Scooter,6,7.0,25,5,False,Fast,New
107,8.5,Clear,High,Evening,Car,13,3.0,54,3,True,Late,New
271,16.28,Rainy,Low,Morning,Scooter,8,9.0,71,2,True,,Returning
861,15.62,Snowy,High,Evening,Scooter,26,2.0,81,2,True,,Returning
436,14.17,Clear,Low,Afternoon,Bike,8,0.0,55,3,True,Late,New
103,6.63,Foggy,Low,Night,Scooter,24,3.0,58,2,True,Late,Returning
